Дата;Цена;Откр;Макс;Мин;Объём;Изм %
31.12.2020;7766;7828.5;7847;7733.5;22.88K;-0.0104
30.12.2020;7847.5;7826.25;7893.75;7807;21.22K;-0.0015
29.12.2020;7859.5;7886.5;7917;7817.5;27.89K;0.0092
24.12.2020;7787.5;7831.25;7868.75;7783.5;16.63K;-0.0071
23.12.2020;7843.5;7752.25;7853.25;7674;25.93K;0.0125
22.12.2020;7746.5;7879.5;7918;7728.5;32.71K;-0.0127
21.12.2020;7846.5;7979.5;7989;7822;38.23K;-0.0173
18.12.2020;7985;7921.75;8027;7902;41.25K;0.0082
17.12.2020;7920;7852.25;7953.5;7849.25;37.65K;0.0107
16.12.2020;7836;7795.75;7876.25;7786;24.50K;0.0069
15.12.2020;7782.5;7746.5;7830.75;7717.75;23.54K;0.0041
14.12.2020;7751;7782.5;7829.25;7735;26.36K;-0.0028
11.12.2020;7772.5;7889.5;7971;7701.25;51.53K;-0.0134
10.12.2020;7878;7678.5;7899.5;7673.25;41.32K;0.0201
09.12.2020;7723;7706;7778.5;7691;29.06K;0.0031
08.12.2020;7699;7704.5;7717.25;7635.5;27.19K;-0.0014
07.12.2020;7710;7766;7799;7659;26.55K;-0.0065
04.12.2020;7760.5;7668;7773.5;7663.25;33.76K;0.0112
03.12.2020;7674.5;7667.5;7739.75;7629.75;34.46K;0.0002
02.12.2020;7673;7665.5;7721.5;7566.25;35.21K;-0.0028
01.12.2020;7694.5;7595;7742.25;7581.5;38.71K;0.0151
30.11.2020;7580;7518.5;7707.75;7514.75;71.76K;0.0107
27.11.2020;7499.5;7420;7519.5;7383.5;36.02K;0.0131
26.11.2020;7402.5;7319.25;7423.25;7319.25;34.71K;0.014
25.11.2020;7300;7326;7358.5;7253.5;30.02K;0.001
24.11.2020;7293;7213.5;7326.75;7208.75;40.34K;0.0161
23.11.2020;7177.5;7272.5;7286;7158.75;32.38K;-0.0137
20.11.2020;7277.5;7093.5;7291.25;7080.75;52.31K;0.026
19.11.2020;7093;7046;7094.5;7016;30.52K;0.0006
18.11.2020;7088.5;7052.25;7147.5;7041;30.67K;0.0029
17.11.2020;7068;7107.25;7135.25;7012;39.66K;-0.0056
16.11.2020;7108;7029.5;7177.5;7021.25;70.48K;0.018
13.11.2020;6982.5;6912.5;7022.25;6896.75;31.18K;0.007
12.11.2020;6934;6898.5;6965.5;6885.75;25.42K;0.0071
11.11.2020;6885;6944.25;6991;6857;23.81K;-0.0068
10.11.2020;6932;6918.25;6963.25;6832.75;39.88K;0.0023
09.11.2020;6916;6966.5;7053.25;6911.5;47.88K;-0.0044
06.11.2020;6946.5;6846;6976.75;6833.25;32.58K;0.0137
05.11.2020;6852.5;6832.75;6890.5;6779.25;31.72K;0.0022
04.11.2020;6837.5;6726;6848.25;6670.75;46.25K;0.0032
03.11.2020;6816;6799.5;6854.5;6778.5;26.61K;0.008
02.11.2020;6762;6696.25;6810.75;6672.25;33.84K;0.0065
30.10.2020;6718.5;6725.5;6777.5;6694.5;35.32K;-0.0016
29.10.2020;6729.5;6748.75;6793.5;6698.5;22.07K;-0.0027
28.10.2020;6748;6777.5;6822;6698.5;35.30K;-0.0074
27.10.2020;6798;6780.5;6826.75;6765;19.22K;0.0025
26.10.2020;6781;6863;6872.25;6757.25;27.31K;-0.0126
23.10.2020;6867.5;6911;6926;6855.5;19.68K;-0.0079
22.10.2020;6922.5;6978.25;6988.25;6883.5;28.01K;-0.0099
21.10.2020;6991.5;6887.5;7033.75;6883;50.99K;0.0134
20.10.2020;6899;6758;6937.5;6749.75;46.38K;0.0176
19.10.2020;6779.5;6725.5;6811.25;6724.5;28.41K;0.0059
16.10.2020;6740;6785.5;6792;6719.5;26.81K;-0.0013
15.10.2020;6749;6705.25;6786.75;6669.5;34.22K;0.0049
14.10.2020;6716;6692;6747.5;6684.75;25.11K;0.0036
13.10.2020;6692;6738;6738;6657.5;30.28K;-0.0068
12.10.2020;6737.5;6743.5;6784.5;6706.75;23.83K;-0.0038
09.10.2020;6763;6684.75;6780.5;6678.5;44.25K;0.012
08.10.2020;6683;6666.25;6688.5;6620.5;32.90K;0.0006
07.10.2020;6679;6479;6709.5;6455.75;46.87K;0.0228
06.10.2020;6530;6539.5;6556.5;6507.75;17.42K;0.0002
05.10.2020;6528.5;6562;6579.75;6471.75;19.99K;-0.0037
02.10.2020;6553;6355;6583.5;6270.5;58.94K;0.026
01.10.2020;6387;6676.5;6710.75;6329.75;53.59K;-0.0427
30.09.2020;6672;6618;6697;6563.75;36.72K;0.0141
29.09.2020;6579;6614;6624;6524.25;34.15K;0.0011
28.09.2020;6572;6576.5;6639.25;6542.5;29.61K;0.0041
25.09.2020;6545;6579;6609.5;6503;36.94K;0.0033
24.09.2020;6523.5;6564;6582;6449.5;65.78K;-0.0123
23.09.2020;6604.5;6765.25;6767;6594.25;57.04K;-0.0259
22.09.2020;6780;6705.5;6806.5;6702.25;39.08K;0.0132
21.09.2020;6691.5;6843;6878;6656.5;46.38K;-0.0178
18.09.2020;6812.5;6804;6874.5;6775.5;35.96K;0.0047
17.09.2020;6780.5;6776.5;6796.25;6676.75;39.59K;0.0005
16.09.2020;6777;6749.5;6794.25;6735;35.87K;0.0023
15.09.2020;6761.5;6781.25;6828.5;6747.5;28.45K;-0.0051
14.09.2020;6796;6740.5;6799.75;6705.5;27.74K;0.0085
11.09.2020;6739;6611.5;6754.5;6589.75;31.24K;0.0106
10.09.2020;6668.5;6769.25;6771.75;6610;34.40K;-0.0097
09.09.2020;6734;6676.75;6765.5;6659.25;27.46K;0.0099
08.09.2020;6668;6783.5;6811;6641.75;36.09K;-0.0178
07.09.2020;6789;6795.5;6822.25;6727;26.86K;0.0118
04.09.2020;6710;6565.75;6779.5;6565.75;45.81K;0.0223
03.09.2020;6563.5;6699.75;6722.5;6548.5;45.88K;-0.0199
02.09.2020;6697;6692.25;6721.5;6636.75;32.44K;0.0014
01.09.2020;6687.5;6728.5;6830;6682.25;49.30K;0.0031
28.08.2020;6667;6630.25;6709;6623.75;37.42K;0.0069
27.08.2020;6621;6592.5;6652.25;6541.25;33.27K;0.0041
26.08.2020;6594;6545.5;6602;6527.75;23.28K;0.01
25.08.2020;6529;6517;6543.25;6491.5;21.21K;0.002
24.08.2020;6516;6502;6579.5;6492.75;26.63K;0.004
21.08.2020;6490;6647;6649.5;6465.5;41.92K;-0.0169
20.08.2020;6601.5;6636;6651.25;6561.25;31.85K;-0.0125
19.08.2020;6685;6600.75;6706.5;6576.5;66.16K;0.0179
18.08.2020;6567.5;6467.25;6599.75;6427.5;57.96K;0.0188
17.08.2020;6446;6364.5;6489.5;6344.25;34.19K;0.0125
14.08.2020;6366.5;6261;6383.75;6256.5;37.92K;0.0177
13.08.2020;6256;6423;6438.25;6253;46.49K;-0.0274
12.08.2020;6432.5;6353.25;6449.75;6269.25;47.86K;0.0073
11.08.2020;6386;6393.75;6415;6338.5;26.44K;-0.0016
10.08.2020;6396.5;6240.25;6426.75;6235.5;49.80K;0.014
07.08.2020;6308;6493.5;6496;6227.25;60.92K;-0.0263
06.08.2020;6478.5;6491;6511;6434.5;27.28K;-0.0025
05.08.2020;6494.5;6468.25;6537.75;6433.75;48.16K;0.0064
04.08.2020;6453;6494;6494;6409.25;25.38K;-0.0057
03.08.2020;6490;6351.5;6504.75;6302.5;46.31K;0.012
31.07.2020;6413;6473.5;6499.5;6375.25;39.08K;-0.0027
30.07.2020;6430.5;6499.25;6504.75;6393;30.00K;-0.0067
29.07.2020;6474;6454.5;6503.75;6425.75;24.59K;-0.0005
28.07.2020;6477;6468;6519.75;6389.75;33.97K;0.0088
27.07.2020;6420.5;6411.75;6471.75;6390.25;24.29K;0.0009
24.07.2020;6415;6485.75;6506.25;6366.25;47.20K;-0.0198
23.07.2020;6544.5;6476.5;6551.25;6433.75;30.71K;0.009
22.07.2020;6486;6567.75;6601.25;6416;42.75K;-0.0074
21.07.2020;6534.5;6487.75;6564.5;6473;37.39K;0.0072
20.07.2020;6487.5;6444.25;6522;6386.75;30.82K;0.0061
17.07.2020;6448;6418;6463.25;6386.75;27.18K;0.0018
16.07.2020;6436.5;6403.5;6442.75;6306.75;42.71K;0.0079
15.07.2020;6386;6544;6548.75;6375;49.94K;-0.0173
14.07.2020;6498.5;6499.5;6531.75;6430.75;45.27K;-0.011
13.07.2020;6571;6455.5;6632.25;6439.25;81.42K;0.0248
10.07.2020;6412;6303;6428.75;6253.75;50.52K;0.0178
09.07.2020;6300;6247.5;6360;6246.5;59.36K;0.0109
08.07.2020;6232;6176.5;6247.75;6168.75;46.08K;0.0071
07.07.2020;6188;6162.5;6194.5;6077;40.67K;0.0097
06.07.2020;6128.5;6042.75;6142.75;6031;39.34K;0.0185
03.07.2020;6017;6079;6085.75;5986.75;26.54K;-0.0092
02.07.2020;6073;6088.5;6119.75;6048.5;121.96K;0.002
01.07.2020;6061;6036.75;6093.75;5995.5;147.36K;0.0076
30.06.2020;6015;5982;6054.75;5972.5;183.68K;0.009
29.06.2020;5961.5;5931.5;5993.25;5924.75;122.67K;0.0008
26.06.2020;5957;5941;6005.75;5923.75;102.08K;0.0109
25.06.2020;5893;5873;5943.5;5852.5;81.72K;0.0048
24.06.2020;5865;5897.5;5947.25;5858.5;109.71K;-0.0068
23.06.2020;5905;5905;5919.75;5822.25;106.61K;0.0042
22.06.2020;5880.5;5812;5901.25;5811;98.82K;0.0053
19.06.2020;5849.5;5808;5898.75;5787.25;104.25K;0.0077
18.06.2020;5805;5771.75;5862.25;5751.5;107.05K;0.0061
17.06.2020;5770;5746.75;5804.5;5713.5;105.14K;0.0072
16.06.2020;5728.5;5772.5;5834;5699;135.41K;0.0037
15.06.2020;5707.5;5775;5775.75;5666.75;178.98K;-0.0133
12.06.2020;5784.5;5715.5;5841.25;5688.25;142.45K;0.0035
11.06.2020;5764.5;5902.5;5928;5738.5;159.44K;-0.0241
10.06.2020;5907;5777.5;5913.25;5774.5;168.97K;0.023
09.06.2020;5774;5729.5;5779.75;5675.75;146.00K;0.0131
08.06.2020;5699.5;5659.5;5718.5;5618.5;146.72K;0.0017
05.06.2020;5690;5510.5;5697.5;5507.75;181.61K;0.0284
04.06.2020;5533;5498.5;5546.75;5448.75;120.48K;0.0015
03.06.2020;5524.5;5540;5551.75;5487;111.09K;-0.0007
02.06.2020;5528.5;5469;5531.75;5450.25;123.41K;0.0081
01.06.2020;5484;5399.5;5487.75;5385.25;135.54K;0.02
29.05.2020;5376.5;5349.5;5386.75;5319.5;120.39K;0.0083
28.05.2020;5332.5;5302;5379.75;5293.75;80.47K;0.0139
27.05.2020;5259.5;5345.5;5368.5;5247.5;99.81K;-0.0191
26.05.2020;5362;5341.5;5404.75;5333.5;114.93K;0.0139
22.05.2020;5288.5;5382;5389;5262;108.06K;-0.0189
21.05.2020;5390.5;5443.75;5462.5;5380.25;108.08K;-0.0096
20.05.2020;5442.5;5342;5455.25;5328.75;90.95K;0.0163
19.05.2020;5355;5373;5377.5;5322.5;116.75K;0.0071
18.05.2020;5317.5;5203.25;5346.5;5203.25;159.35K;0.0262
15.05.2020;5181.5;5237;5271.75;5176.5;102.08K;-0.0039
14.05.2020;5202;5226.25;5235.25;5147.5;114.57K;-0.0042
13.05.2020;5224;5195;5271.5;5188.25;114.05K;-0.0062
12.05.2020;5256.5;5268.5;5290.5;5222;105.93K;-0.0001
11.05.2020;5257;5309;5370.5;5245.25;155.27K;-0.0032
07.05.2020;5274;5189.75;5294.25;5189.75;120.38K;0.0146
06.05.2020;5198;5178.5;5241.25;5146;132.11K;0.0078
05.05.2020;5158;5167;5185.75;5116.75;92.85K;0.0068
04.05.2020;5123;5083.5;5131.5;5060.25;94.79K;0.0025
01.05.2020;5110;5165.5;5170.5;5077.5;92.94K;-0.0151
30.04.2020;5188.5;5271;5294.25;5177.75;126.05K;-0.0138
29.04.2020;5261;5198.5;5279.75;5196.75;102.33K;0.0073
28.04.2020;5223;5182.25;5251.25;5170;103.76K;0.005
27.04.2020;5197;5202;5268.5;5153.5;87.46K;0.0112
24.04.2020;5139.5;5139;5189.25;5104.75;92.32K;-0.0041
23.04.2020;5160.5;5102.5;5209.25;5083.75;109.13K;0.0057
22.04.2020;5131.5;5068.75;5137;4974;101.70K;0.0202
21.04.2020;5030;5156.75;5182.25;4954;148.03K;-0.0296
20.04.2020;5183.5;5197.5;5246.75;5162;124.77K;-0.0053
17.04.2020;5211;5171;5238.25;5171;102.81K;0.0138
16.04.2020;5140;5105.25;5150;5090.75;110.40K;0.0056
15.04.2020;5111.5;5173;5183.75;5070.75;103.28K;-0.01
14.04.2020;5163;5141;5199.75;5130.25;165.86K;0.0286
09.04.2020;5019.5;5040.5;5069.25;4985;174.00K;0.0034
08.04.2020;5002.5;4992;5063.25;4966.25;147.85K;-0.0074
07.04.2020;5040;4940.5;5111.75;4936;155.96K;0.0319
06.04.2020;4884;4845.5;4926.25;4839.25;89.30K;0.0092
03.04.2020;4839.5;4879.5;4935.75;4833.5;93.33K;-0.0117
02.04.2020;4897;4798.75;4936.5;4760.5;99.52K;0.0202
01.04.2020;4800;4899;4912;4768.5;134.32K;-0.0305
31.03.2020;4951;4801.5;4970;4801.5;131.99K;0.0381
30.03.2020;4769.5;4766;4804.25;4741;159.03K;-0.0044
27.03.2020;4790.5;4833;4866;4770.75;90.81K;-0.0028
26.03.2020;4804;4855.75;4855.75;4768.5;82.79K;-0.0105
25.03.2020;4855;4840;4889.75;4743.75;100.27K;0.0085
24.03.2020;4814;4697.5;4928.5;4644.5;117.41K;0.0397
23.03.2020;4630;4641.5;4675.5;4462.5;112.78K;-0.0374
20.03.2020;4810;4870;4868;4810.5;154.88K;-0.0031
19.03.2020;4825;4720;4835;4690;219.77K;0.0169
18.03.2020;4745;4890;4882;4740;226.88K;-0.0776
17.03.2020;5144;5225;5216;5144;215.31K;-0.0277
16.03.2020;5290.5;5230;5290;5220;206.67K;-0.031
13.03.2020;5460;5550;5547;5460.5;166.86K;0.0037
12.03.2020;5440;5400;5438;5400;214.80K;-0.0161
11.03.2020;5529;5562;5560;5529;162.62K;-0.0066
10.03.2020;5566;5610;5608;5565;180.06K;0.0056
09.03.2020;5535;5495;5535;5495;171.51K;-0.0128
06.03.2020;5607;5643;5638;5607;135.29K;-0.0118
05.03.2020;5674;5695;5687;5673;115.04K;-0.0018
04.03.2020;5684;5718;5716;5675;126.01K;0.0031
03.03.2020;5666.5;5689.5;5688;5662;151.27K;-0.0059
02.03.2020;5700;5657;5699;5657;155.70K;0.0115
28.02.2020;5635;5605;5635;5542;180.26K;0.0034
27.02.2020;5616;5640;5638;5586;155.88K;-0.0095
26.02.2020;5670;5640;5676;5639.5;143.86K;-0.0026
25.02.2020;5685;5695;5685;5683;119.67K;-0.0007
24.02.2020;5689;5690;5708;5681;117.68K;-0.0132
21.02.2020;5765;5730;5765;5727;119.76K;0.0065
20.02.2020;5728;5755;5748;5725;100.73K;-0.0073
19.02.2020;5770;5778;5770;5730;120.46K;-0.0005
18.02.2020;5773;5760;5793;5758;142.54K;-0.0067
17.02.2020;5812;5815;5813;5811;143.77K;0.009
14.02.2020;5760;5755;5759.5;5751;117.58K;-0.0052
13.02.2020;5790;5740;5796.6;5740;146.67K;0.0045
12.02.2020;5764;5770;5764;5760;138.54K;0.0033
11.02.2020;5745;5720;5767;5714;155.68K;0.0138
10.02.2020;5667;5675;5667;5647;144.87K;0.0007
07.02.2020;5663;5680;5670;5660;158.11K;-0.0126
06.02.2020;5735;5745;5759;5735.5;159.85K;0.0023
05.02.2020;5722;5735;5730;5711;156.03K;0.0185
04.02.2020;5618;5675;5671.5;5610;233.81K;0.0168
03.02.2020;5525;5605;5602;5523;205.78K;-0.0075
31.01.2020;5567;5595;5587;5542;171.86K;-0.0037
30.01.2020;5587.5;5635;5634;5586;143.56K;-0.0095
29.01.2020;5641;5719;5728;5641;120.06K;-0.0109
28.01.2020;5703;5746;5745;5703;143.77K;-0.007
27.01.2020;5743;5815;5810.5;5743;130.49K;-0.0309
24.01.2020;5926;6002;5996.5;5925;166.68K;-0.0102
23.01.2020;5987;6088;6081;5987;130.20K;-0.0195
22.01.2020;6106;6144;6141.5;6106;140.77K;-0.0088
21.01.2020;6160;6184;6184;6160;132.03K;-0.0158
20.01.2020;6259;6275;6270;6259;70.92K;-0.0022
17.01.2020;6273;6315;6314.5;6262.5;74.75K;-0.0007
16.01.2020;6277.5;6330;6326;6278;138.04K;-0.0015
15.01.2020;6287;6270;6286.5;6270;112.56K;-0.0024
14.01.2020;6302;6285;6307.5;6280;151.72K;0.0019
13.01.2020;6290;6205;6290;6200;241.25K;0.0148
10.01.2020;6198;6185;6197;6178;142.72K;0.0029
09.01.2020;6180;6190;6200;6180;153.30K;0.0003
08.01.2020;6178;6180;6180;6174;145.94K;0.0047
07.01.2020;6149;6160;6157;6140.5;121.80K;0.0017
06.01.2020;6138.5;6120;6138.5;6118.5;134.01K;0.0015
03.01.2020;6129.5;6110;6145;6105;123.23K;-0.0095
02.01.2020;6188;6195;6190;6172;125.59K;0.0023
31.12.2019;6174;6190;6182;6174;109.17K;-0.0072
30.12.2019;6219;6220;6219;6215;84.23K;0.0008
27.12.2019;6214;6240;6239;6212;83.51K;-0.0002
24.12.2019;6215;6222;6213;6211;73.18K;0.004
23.12.2019;6190;6184;6188;6170.5;82.33K;0.0024
20.12.2019;6175;6190;6185;6174;103.37K;-0.0064
19.12.2019;6215;6190;6215;6185;105.75K;0.0066
18.12.2019;6174.5;6170;6172;6161;134.11K;-0.0041
17.12.2019;6200;6200;6199;6195;190.34K;0.0002
16.12.2019;6199;6175;6200;6163;171.99K;0.0113
13.12.2019;6130;6185;6185;6118.5;165.91K;-0.0042
12.12.2019;6156;6125;6163;6119;166.74K;0
11.12.2019;6156;6111;6155;6108;143.67K;0.0092
10.12.2019;6100;6095;6100;6085;146.76K;0.0041
09.12.2019;6075;6025;6075;6012;164.03K;0.0142
06.12.2019;5990;5905;5990;5900;141.36K;0.0173
05.12.2019;5888;5890;5887;5878.7;108.09K;0.0005
04.12.2019;5885;5855;5886;5850;133.25K;0.012
03.12.2019;5815;5840;5838;5811.9;143.30K;-0.0116
02.12.2019;5883;5880;5883;5868;137.94K;0.0032
29.11.2019;5864;5885;5876;5863;117.52K;-0.0048
28.11.2019;5892;5910;5903;5892;78.07K;-0.0089
27.11.2019;5945;5955;5952;5941;89.97K;0.0035
26.11.2019;5924;5881;5922;5872;128.83K;0.0095
25.11.2019;5868;5900;5890;5865;104.05K;0.0022
22.11.2019;5855;5858;5854;5851;122.03K;0.0045
21.11.2019;5829;5840;5833;5829;110.90K;-0.0078
20.11.2019;5875;5900;5895;5875;132.84K;0
19.11.2019;5875;5850;5875;5843;154.12K;0.0077
18.11.2019;5830;5846.5;5850;5830;146.04K;-0.0032
15.11.2019;5849;5840;5850;5835;112.50K;0.0064
14.11.2019;5812;5860;5853.5;5810;126.28K;-0.0039
13.11.2019;5835;5850;5850;5833;127.89K;-0.0058
12.11.2019;5869;5865;5871;5860;129.97K;-0.0016
11.11.2019;5878.5;5885;5897;5877;123.74K;-0.0077
08.11.2019;5924;5975;5965;5924;153.83K;-0.0084
07.11.2019;5974;5950;5978;5949;178.06K;0.0113
06.11.2019;5907;5945;5935;5907.5;148.32K;-0.0056
05.11.2019;5940;5911.5;5940;5911.5;268.45K;0.0107
04.11.2019;5877;5875;5887;5873.9;111.97K;0.0046
01.11.2019;5850;5820;5850;5819;135.93K;0.0091
31.10.2019;5797;5846;5849;5798;202.43K;-0.0188
30.10.2019;5908;5915.5;5919;5908;125.35K;-0.0033
29.10.2019;5927.5;5905;5927;5902;131.60K;0.0033
28.10.2019;5908;5920;5909;5908;93.29K;-0.0029
25.10.2019;5925;5890;5925;5886;95.25K;0.0077
24.10.2019;5880;5895;5886;5877;138.50K;-0.0002
23.10.2019;5881;5810;5882;5801;151.16K;0.0108
22.10.2019;5818;5830;5831;5818;125.74K;-0.0017
21.10.2019;5828;5850;5848;5828.5;107.45K;0.0038
18.10.2019;5806;5775;5807;5775;137.55K;0.0117
17.10.2019;5739;5765;5778;5740;101.77K;0.0016
16.10.2019;5730;5710;5730;5709;149.30K;-0.0074
15.10.2019;5773;5785;5779.5;5773;153.47K;-0.0077
14.10.2019;5818;5763;5817.5;5755;187.99K;0.0038
11.10.2019;5796;5808;5796.5;5796;265.43K;0.0026
10.10.2019;5781;5740;5781;5731;219.91K;0.0171
09.10.2019;5684;5696;5691;5680.1;231.31K;0.0015
08.10.2019;5675.5;5695;5688;5675.5;251.79K;-0.0081
07.10.2019;5722;5669;5722;5668.5;182.43K;0.014
04.10.2019;5643;5640;5643;5634;159.59K;-0.0034
03.10.2019;5662;5657;5665;5655;191.83K;-0.0028
02.10.2019;5678;5661.5;5702;5661.5;202.32K;-0.0014
01.10.2019;5686;5640;5686;5601;257.72K;-0.0068
30.09.2019;5725;5770;5767;5725;165.57K;-0.0073
27.09.2019;5767;5757.5;5766.5;5743;111.16K;0.0079
26.09.2019;5722;5792;5792;5723;110.96K;-0.0112
25.09.2019;5787;5760;5786;5750;146.74K;0.0012
24.09.2019;5780;5795;5789;5780;120.03K;0.0003
23.09.2019;5778;5735;5780;5728;131.03K;0.0036
20.09.2019;5757;5789.5;5840.75;5749.5;;-0.0063
19.09.2019;5793.5;5788;5823.5;5779.5;;-0.0018
18.09.2019;5804;5821.25;5849.25;5776.5;;-0.0019
17.09.2019;5815;5860;5869.5;5790;;-0.0067
16.09.2019;5854.25;5955.75;5963;5851.25;;-0.0187
13.09.2019;5966;5851;5979;5847.25;;0.0183
12.09.2019;5858.75;5813.75;5897.25;5743;;0.0135
11.09.2019;5780.5;5809.25;5833.75;5765.25;;-0.0048
10.09.2019;5808.5;5817.75;5846.5;5762.25;;-0.0008
09.09.2019;5813;5823.25;5830.75;5789.5;;-0.003
06.09.2019;5830.25;5841.25;5863.75;5803;;-0.0018
05.09.2019;5841;5739.75;5864.5;5736.5;;0.0159
04.09.2019;5749.75;5614.25;5758.25;5614.25;;0.0248
03.09.2019;5610.75;5622.25;5641.5;5519.25;;-0.0009
02.09.2019;5616;5662.5;5694.75;5611.5;;-0.0064
30.08.2019;5652.25;5716.75;5725.75;5651.75;;-0.0097
29.08.2019;5707.5;5694.75;5754.25;5667.75;;0.0008
28.08.2019;5703;5677.75;5708.5;5655.75;;0.0048
27.08.2019;5676;5647;5716.25;5630.5;;0.0077
23.08.2019;5632.5;5692.5;5725.5;5624.25;;-0.0109
22.08.2019;5694.5;5731.25;5735.75;5672.25;;-0.0062
21.08.2019;5730;5716.5;5747;5713.25;;0.0024
20.08.2019;5716.25;5763.25;5774.5;5708.75;;-0.0092
19.08.2019;5769.5;5756.5;5818.75;5751.25;;0.0027
16.08.2019;5754;5753.75;5771.5;5734;;0.0025
15.08.2019;5739.5;5769;5781.25;5718;;-0.0052
14.08.2019;5769.75;5844.75;5845.75;5727;;-0.0127
13.08.2019;5843.75;5748.75;5850.5;5710.25;;0.0181
12.08.2019;5739.75;5758;5799.75;5716;;-0.0049
09.08.2019;5768.25;5777;5810.25;5745.25;;-0.0022
08.08.2019;5781;5748;5810.75;5722;;0.0063
07.08.2019;5745;5704.25;5745;5665.5;;0.0071
06.08.2019;5704.75;5660;5718;5650.25;;0.0034
05.08.2019;5685.25;5722.75;5740;5641.75;;-0.0062
02.08.2019;5720.5;5818.25;5847.5;5718.75;;-0.0246
01.08.2019;5864.75;5916.75;5923.5;5850.25;;-0.0119
31.07.2019;5935.25;5943.75;5968.5;5914;;-0.0005
30.07.2019;5938.5;6022;6032.5;5938.25;;-0.0128
29.07.2019;6015.75;5966.25;6022.75;5951.5;;0.0086
26.07.2019;5964.5;5993.5;6003;5955.25;;-0.0035
25.07.2019;5985.25;6007;6052.75;5979.25;;-0.0023
24.07.2019;5999;5985;6016.75;5970.75;;0.0027
23.07.2019;5983;6010.75;6036;5950.25;;-0.0062
22.07.2019;6020.5;6065.75;6095;6012.25;;-0.0089
19.07.2019;6074.75;5988.75;6170.75;5988.75;;0.0181
18.07.2019;5966.5;5972.25;5999;5943.75;;-0.0026
17.07.2019;5982.25;5958;5992.25;5928.25;;0.0038
16.07.2019;5959.5;5998.75;6037.25;5958.25;;-0.0063
15.07.2019;5997.25;5957;6019.5;5936.75;;0.0065
12.07.2019;5958.75;5944.5;5997;5913;;0.0035
11.07.2019;5938;5951.75;5965.25;5924.5;;-0.0042
10.07.2019;5962.75;5824.75;5966.25;5818.5;;0.0239
09.07.2019;5823.5;5876;5882.25;5791.25;;-0.0099
08.07.2019;5881.5;5900.75;5946.5;5878.25;;-0.0026
05.07.2019;5896.75;5924;5924;5858.5;;-0.0036
04.07.2019;5918;5936.25;5938.5;5901.25;;-0.0031
03.07.2019;5936.5;5902.25;5936.5;5840.5;;0.007
02.07.2019;5895.5;5940.5;5964;5881.5;;-0.0075
01.07.2019;5940;6048.5;6074.5;5936.75;;-0.0101
28.06.2019;6000.5;6001;6017.25;5967.25;;0.0001
27.06.2019;5999.75;5989.75;6015;5961;;0.0007
26.06.2019;5995.5;6014.5;6062.75;5962.75;;-0.0031
25.06.2019;6014.25;5970.5;6050.75;5952;;0.0078
24.06.2019;5967.5;5965.25;5976.75;5915.25;;0.001
21.06.2019;5961.25;5977;6002.5;5929;;-0.0018
20.06.2019;5972.25;5941;6026.25;5935.25;;0.0132
19.06.2019;5894.5;5961;5967.75;5894.5;;-0.0102
18.06.2019;5955;5844.5;5973.5;5832.5;;0.0178
17.06.2019;5850.75;5818.75;5857;5778.25;;0.0074
14.06.2019;5808;5863.75;5878.5;5806.5;;-0.0097
13.06.2019;5864.75;5852;5872.5;5811.75;;0.0021
12.06.2019;5852.5;5889.5;5899.75;5826.25;;-0.0068
11.06.2019;5892.5;5873.75;5955.75;5870;;0.0026
10.06.2019;5877;5816.25;5880.25;5801.75;;0.0143
07.06.2019;5794;5848.5;5867.75;5742.5;;-0.0081
06.06.2019;5841.25;5802.25;5848.75;5794.75;;0.0085
05.06.2019;5792.25;5885;5903.75;5789.25;;-0.0172
04.06.2019;5893.75;5859.75;5894;5825.25;;0.0045
03.06.2019;5867.25;5808.25;5869.5;5801.25;;0.0076
31.05.2019;5823.25;5831.5;5879.5;5812.25;;-0.006
30.05.2019;5858.5;5893;5915;5832.5;;-0.0057
29.05.2019;5892;5962.75;5963.75;5876.75;;-0.0126
28.05.2019;5967;5996.75;6009.5;5947.25;;0.0005
24.05.2019;5964.25;5942.25;5988.25;5941.5;;0.0038
23.05.2019;5941.5;5924.25;5947.25;5880.75;;0.0016
22.05.2019;5932.25;6009;6011.75;5913.75;;-0.0125
21.05.2019;6007.25;6038;6066.5;5989.5;;-0.0045
20.05.2019;6034.25;6069.75;6080;6004.25;;-0.0039
17.05.2019;6058;6093;6094.5;6029.25;;-0.0039
16.05.2019;6081.75;6082;6142.75;6067;;0.0005
15.05.2019;6079;6034.25;6094.5;6017.75;;0.006
14.05.2019;6042.5;6040.25;6068.25;6018.5;;0.0034
13.05.2019;6022;6106;6118.5;6007.75;;-0.0205
10.05.2019;6148.25;6142.75;6193.75;6107;;0.0011
09.05.2019;6141.5;6137;6149.75;6059.5;;0.001
08.05.2019;6135.25;6174;6226.25;6119.75;;-0.0037
07.05.2019;6158;6269.25;6289.5;6152.25;;-0.0134
03.05.2019;6241.75;6181.5;6265.75;6153.75;;0.0111
02.05.2019;6173;6211.75;6228;6150.25;;-0.0097
01.05.2019;6233.25;6435.75;6444;6215.5;;-0.031
30.04.2019;6432.5;6406.25;6461;6377;;0.0029
29.04.2019;6414;6399.5;6422.25;6358;;0.002
26.04.2019;6401.5;6356;6414.5;6352.25;;0.0086
25.04.2019;6347;6441.75;6456;6340.5;;-0.0151
24.04.2019;6444;6415.25;6455;6399.5;;0.005
23.04.2019;6412.25;6434.5;6452.5;6380.25;;-0.0079
18.04.2019;6463;6543.75;6545.25;6427.5;;-0.0131
17.04.2019;6548.5;6484.25;6608.25;6482.25;;0.009
16.04.2019;6490;6489;6514.5;6471;;0.0002
15.04.2019;6488.75;6498;6512.25;6450.5;;-0.0025
12.04.2019;6505.25;6406.75;6531.5;6405.25;;0.0157
11.04.2019;6404.75;6459.5;6473.5;6392.75;;-0.0089
10.04.2019;6462.5;6481.5;6504.5;6434.5;;-0.0035
09.04.2019;6485;6480.25;6539.25;6472.25;;-0.0008
08.04.2019;6490;6409.25;6501.75;6404;;0.0145
05.04.2019;6397.25;6444.5;6465.5;6393.5;;-0.0077
04.04.2019;6447;6499;6511.5;6419.5;;-0.0075
03.04.2019;6495.5;6429.25;6515;6427.5;;0.0095
02.04.2019;6434.5;6466;6480.75;6411.25;;-0.0043
01.04.2019;6462;6542.5;6544.75;6439.75;;-0.0021
29.03.2019;6475.75;6371;6498.75;6369.25;;0.0168
28.03.2019;6368.75;6336.75;6387.25;6315.75;;0.0052
27.03.2019;6336;6355.75;6365.5;6303;;-0.0022
26.03.2019;6350.25;6336.75;6354.25;6313.75;;0.0022
25.03.2019;6336.5;6311.5;6342.25;6295.5;;0.0017
22.03.2019;6325.75;6438.5;6447;6300.75;;-0.0173
21.03.2019;6437;6496.25;6554.25;6405.75;;-0.0085
20.03.2019;6492.5;6445.5;6496.75;6432;;0.0053
19.03.2019;6458;6434.75;6503;6434.75;;0.0039
18.03.2019;6432.75;6436.25;6478.75;6421.5;;0.0005
15.03.2019;6429.75;6385.5;6456.5;6373.25;;0.0068
14.03.2019;6386.5;6466;6478.25;6371;;-0.0126
13.03.2019;6467.75;6474.25;6487.25;6434.25;;-0.0003
12.03.2019;6469.75;6420.5;6515.5;6420.5;;0.0078
11.03.2019;6419.5;6378.5;6427;6378.5;;0.0034
08.03.2019;6397.5;6427;6446.5;6351.25;;-0.006
07.03.2019;6436.25;6453.75;6463.75;6403.75;;-0.0028
06.03.2019;6454;6473;6494;6439.75;;-0.0044
05.03.2019;6482.25;6407;6497.75;6407;;0.0114
04.03.2019;6409.25;6470.5;6481.5;6377.5;;-0.0054
01.03.2019;6443.75;6486.25;6535.75;6442.25;;-0.006
28.02.2019;6482.5;6515;6528.25;6467.75;;-0.0056
27.02.2019;6519;6478.5;6530.5;6457.25;;0.0076
26.02.2019;6469.75;6483.25;6506;6449.5;;-0.0026
25.02.2019;6486.75;6498;6539.25;6455.25;;0.0017
22.02.2019;6476;6379.75;6484;6358.75;;0.0158
21.02.2019;6375.25;6405.5;6405.5;6356.75;;-0.0077
20.02.2019;6424.5;6327.5;6426.5;6324.25;;0.0145
19.02.2019;6332.5;6258.75;6333.75;6235.75;;0.0111
18.02.2019;6263.25;6216.5;6278.5;6188.75;;0.0063
15.02.2019;6224.25;6134.5;6225.75;6103.5;;0.0144
14.02.2019;6136;6141.5;6194.75;6105.75;;-0.0011
13.02.2019;6142.5;6123.75;6148.75;6111.5;;0.0034
12.02.2019;6121.75;6152.75;6158.25;6085.5;;-0.0035
11.02.2019;6143.5;6191.25;6191.25;6133;;-0.0092
08.02.2019;6200.25;6253.5;6265.5;6193.5;;-0.0082
07.02.2019;6251.5;6245;6288.75;6231.75;;0.0006
06.02.2019;6247.75;6232.5;6284.75;6221;;0.0035
05.02.2019;6226;6188.75;6241.75;6187.5;;0.006
04.02.2019;6188.75;6133;6190;6091;;0.0076
01.02.2019;6142.25;6173;6177.25;6106.25;;-0.0036
31.01.2019;6164.75;6138.75;6198.75;6138.75;;0.0055
30.01.2019;6131;6065.5;6167;6051.5;;0.0108
29.01.2019;6065.25;5986;6072.5;5986;;0.013
28.01.2019;5987.25;6072.25;6072.25;5976.5;;-0.0149
25.01.2019;6077.75;5924.75;6078.75;5918.5;;0.0271
24.01.2019;5917.25;5942.25;5961.5;5897.5;;-0.0036
23.01.2019;5938.75;5937.5;5982.5;5924.75;;0.0008
22.01.2019;5934.25;5977.75;5992.25;5922;;-0.0067
21.01.2019;5974.25;6048.75;6048.75;5969;;-0.0137
18.01.2019;6057.5;6010.75;6076;6002;;0.0102
17.01.2019;5996.25;5967;5998;5943.5;;0.0035
16.01.2019;5975.25;5910.75;5989.5;5910.75;;0.0116
15.01.2019;5907;5918.75;5954.75;5899.25;;-0.001
14.01.2019;5913;5944.25;5968.75;5877.5;;-0.0075
11.01.2019;5957.5;5921;5982.5;5917.5;;0.0071
10.01.2019;5915.75;5955;5985.5;5905.75;;-0.0082
09.01.2019;5964.5;5942.5;6007.25;5925.75;;0.0043
08.01.2019;5939;5920.25;5947.5;5885.75;;0.0045
07.01.2019;5912.25;5930.25;5958;5898.75;;-0.0036
04.01.2019;5933.75;5773.75;5939.5;5771.5;;0.0269
03.01.2019;5778.5;5835.5;5890.5;5727;;-0.0158
02.01.2019;5871.25;5960;5994.75;5831.5;;-0.0183
31.12.2018;5981;6011.25;6040.25;5980.25;;-0.0019
28.12.2018;5992.25;6007.75;6078.75;5985.25;;0.0034
27.12.2018;5972;6031.5;6045.5;5958.5;;0.0024
24.12.2018;5957.5;5981;5993.25;5950.25;;-0.003
21.12.2018;5975.25;6028.25;6051.5;5973.25;;-0.0074
20.12.2018;6019.5;6003;6059.25;5946.25;;-0.0073
19.12.2018;6063.75;5970.25;6074.25;5970.25;;0.018
18.12.2018;5956.25;6121.25;6135.5;5955.25;;-0.0286
17.12.2018;6131.5;6132.75;6143.5;6079.25;;-0.0016
14.12.2018;6141.5;6144;6158.25;6078.5;;-0.0016
13.12.2018;6151.5;6153;6230;6144.5;;0
12.12.2018;6151.75;6173.25;6185.75;6132.75;;0.0007
11.12.2018;6147.5;6099.5;6194;6097.75;;0.0083
10.12.2018;6097;6118;6147.75;6075.25;;-0.0087
07.12.2018;6150.25;6137;6191.5;6129;;0.0027
06.12.2018;6133.75;6165.5;6165.5;6068.25;;-0.0094
05.12.2018;6191.75;6173.25;6203.5;6144.25;;0.0042
04.12.2018;6166;6239;6297;6153.25;;-0.0135
03.12.2018;6250.25;6302.75;6351.5;6237.25;;0.0086
30.11.2018;6196.75;6208.25;6232.75;6164.5;;-0.0011
29.11.2018;6203.75;6246.75;6254.5;6197;;-0.008
28.11.2018;6253.75;6116.5;6266.5;6113.25;;0.0233
27.11.2018;6111.5;6162.25;6172.75;6092.75;;-0.0093
26.11.2018;6168.75;6186.5;6229;6156;;0
23.11.2018;6168.5;6252;6260;6155;;-0.0154
22.11.2018;6264.75;6222;6266.5;6208.75;;0.0053
21.11.2018;6231.75;6164.5;6261.5;6160.5;;0.0096
20.11.2018;6172.5;6245;6295.25;6148.5;;-0.0113
19.11.2018;6243.25;6235.25;6259.5;6191.75;;-0.0001
16.11.2018;6243.75;6186.25;6278.75;6154;;0.007
15.11.2018;6200.25;6110.75;6212.5;6095.25;;0.0161
14.11.2018;6102;6062.25;6122.75;6032.75;;0.0091
13.11.2018;6047.25;6027.5;6180.5;6016.75;;0.001
12.11.2018;6041;6048.25;6085.25;6038.25;;0.0003
09.11.2018;6039.25;6130.25;6136.5;6035.25;;-0.0167
08.11.2018;6142;6150.25;6170.75;6084.5;;-0.0019
07.11.2018;6153.5;6155.5;6219;6137;;0.0018
06.11.2018;6142.25;6194.25;6226.5;6135.75;;-0.0063
05.11.2018;6181.5;6301;6301;6171.5;;-0.0197
02.11.2018;6306;6133;6314;6089.5;;0.0275
01.11.2018;6137.25;6010.5;6142;5974.5;;0.0232
31.10.2018;5998.25;6029.5;6057;5984.75;;-0.0046
30.10.2018;6025.75;6125.5;6155.25;6014.5;;-0.0166
29.10.2018;6127.75;6198.75;6239.5;6127.75;;-0.0087
26.10.2018;6181.5;6187;6191.5;6100.75;;-0.0023
25.10.2018;6196;6164.75;6227;6114.25;;0.0025
24.10.2018;6180.5;6198.25;6274.5;6171.5;;-0.0008
23.10.2018;6185.25;6224.75;6237.25;6147.75;;-0.0072
22.10.2018;6230.25;6223.5;6332;6211.75;;0.0014
19.10.2018;6221.75;6135;6242.75;6126;;0.0148
18.10.2018;6131.25;6213.75;6228;6122.75;;-0.0143
17.10.2018;6220.25;6229;6275.25;6175.75;;-0.0022
16.10.2018;6233.75;6232.75;6252.75;6184;;-0.0011
15.10.2018;6240.75;6293.75;6341.25;6234.25;;-0.0073
12.10.2018;6286.5;6230.25;6334;6227.25;;0.0022
11.10.2018;6272.5;6196.5;6296.5;6092.25;;0.009
10.10.2018;6216.5;6300.25;6312;6213.5;;-0.0123
09.10.2018;6294;6201.25;6301.5;6164.25;;0.0154
08.10.2018;6198.75;6166.5;6223.75;6127.5;;0.002
05.10.2018;6186.5;6235.75;6243.75;6153.75;;-0.0065
04.10.2018;6226.75;6305.5;6391.5;6207.5;;-0.0167
03.10.2018;6332.75;6265.75;6339;6253.75;;0.0126
02.10.2018;6254;6238.25;6355;6178.25;;0.0025
01.10.2018;6238.25;6256.25;6280.25;6153.75;;-0.0033
28.09.2018;6258.75;6179;6267.5;6159.25;;0.013
27.09.2018;6178.25;6278.5;6290.75;6163;;-0.0176
26.09.2018;6288.75;6279.25;6316.25;6258;;0.0012
25.09.2018;6281;6297.5;6327.75;6212.75;;-0.0026
24.09.2018;6297.25;6320;6374.25;6290.25;;-0.0061
21.09.2018;6335.75;6144.75;6380;6132.5;;0.0358
20.09.2018;6116.75;6097;6123.5;6045.5;;0.0048
19.09.2018;6087.25;6107.75;6146;6070;;-0.0005
18.09.2018;6090.5;5860.5;6118.25;5855.25;;0.0237
17.09.2018;5949.5;5871.25;5955.5;5864.25;;0.0075
14.09.2018;5905.5;5998.25;6036.25;5896.25;;-0.0142
13.09.2018;5990.5;5998;6073.5;5985.25;;-0.001
12.09.2018;5996.25;5885.75;6011.25;5851;;0.0198
11.09.2018;5879.75;5889;5962.5;5808;;-0.0015
10.09.2018;5888.75;5880.5;5909.5;5850.75;;0.0018
07.09.2018;5878.25;5914.75;5946.75;5832;;-0.0052
06.09.2018;5908.75;5890.5;5987;5869.75;;0.0045
05.09.2018;5882;5846.25;5889.75;5826.25;;0.0072
04.09.2018;5839.75;5953.25;5973.5;5801.75;;-0.0179
03.09.2018;5946;5977.25;6001.75;5945.5;;-0.0067
31.08.2018;5986.25;6038.25;6070.25;5963.5;;-0.0146
30.08.2018;6075;6095.5;6115.5;6010.75;;-0.003
29.08.2018;6093;6129.5;6149;6071.5;;-0.0064
28.08.2018;6132.5;6100.75;6166.5;6057.5;;0.0105
24.08.2018;6068.75;5967;6116.25;5960.5;;0.0175
23.08.2018;5964.25;5997.75;5999.25;5901.75;;-0.0081
22.08.2018;6013.25;6034;6056.5;5975.5;;-0.0077
21.08.2018;6060;6000.5;6074.75;5994;;0.0114
20.08.2018;5991.5;5967.75;6032.75;5951.75;;0.0098
17.08.2018;5933.5;5890.25;5944.5;5866;;0.0077
16.08.2018;5888.25;5829;5957.5;5801.25;;0.0096
15.08.2018;5832;6042.75;6043;5774.25;;-0.0354
14.08.2018;6046;6135.25;6151.5;6025.5;;-0.0138
13.08.2018;6130.75;6154.75;6182.5;6097.25;;-0.0037
10.08.2018;6153.5;6201.5;6220.25;6127.25;;-0.0069
09.08.2018;6196.25;6168.75;6306;6166.25;;0.0037
08.08.2018;6173.5;6172.75;6209.5;6130;;0.0026
07.08.2018;6157.75;6113.5;6193;6105.25;;0.0082
06.08.2018;6107.5;6155.5;6181.75;6066.75;;-0.0109
03.08.2018;6175;6116.75;6234.75;6074;;0.0059
02.08.2018;6138.5;6143.75;6177.5;6067.5;;0.003
01.08.2018;6120.25;6306.75;6306.75;6112;;-0.0321
31.07.2018;6323;6241.75;6341.25;6192.25;;0.0122
30.07.2018;6246.5;6261;6277;6166.25;;0.0003
27.07.2018;6244.75;6271.5;6324.5;6218.25;;-0.0059
26.07.2018;6282;6356;6376.75;6256.5;;-0.004
25.07.2018;6307.5;6267.75;6328.75;6242;;0.0072
24.07.2018;6262.25;6140.25;6326.5;6111;;0.0217
23.07.2018;6129;6157.25;6204;6118;;-0.0037
20.07.2018;6151.5;6072.5;6171;6007;;0.0159
19.07.2018;6055.5;6188.5;6214;5988.5;;-0.0206
18.07.2018;6183;6156;6193.75;6083.25;;0.0039
17.07.2018;6159.25;6191;6261.5;6143.25;;-0.0053
16.07.2018;6192;6225.5;6267.25;6150.75;;-0.0039
13.07.2018;6216.5;6225.25;6242.75;6156.5;;0.0002
12.07.2018;6215.5;6147;6246;6102.75;;0.0128
11.07.2018;6137.25;6328.25;6328.25;6081.75;;-0.0329
10.07.2018;6346;6425;6443;6301.5;;-0.0093
09.07.2018;6405.75;6327.25;6437.5;6324.75;;0.0158
06.07.2018;6306;6333.25;6344;6222;;-0.0028
05.07.2018;6323.75;6409.75;6428;6307;;-0.012
04.07.2018;6400.75;6518;6564.75;6344.25;;-0.0169
03.07.2018;6511;6568.25;6612.75;6494;;-0.0088
02.07.2018;6569;6625.5;6635.25;6520.25;;-0.0077
29.06.2018;6620;6633.25;6693;6610.5;;-0.0009
28.06.2018;6625.75;6694;6702.25;6590.75;;-0.0104
27.06.2018;6695.5;6725;6746.5;6667.5;;-0.0047
26.06.2018;6727;6711.5;6744.75;6692.25;;0.0034
25.06.2018;6704.5;6821;6836;6702.5;;-0.0147
22.06.2018;6804.25;6798.75;6829.5;6769.5;;0.0011
21.06.2018;6797;6817.75;6842.5;6772.5;;-0.0024
20.06.2018;6813.25;6817.75;6870.25;6773.25;;-0.0019
19.06.2018;6826.25;6971;7000.25;6809.5;;-0.0209
18.06.2018;6972;7006.25;7027.5;6919;;-0.0058
15.06.2018;7012.75;7141.25;7168;6996.25;;-0.0205
14.06.2018;7159.5;7234.5;7235.75;7156.75;;-0.0113
13.06.2018;7241.5;7211.25;7258.75;7169.75;;0.0037
12.06.2018;7214.5;7226;7257.5;7196.25;;-0.0013
11.06.2018;7223.75;7312.25;7329;7212.75;;-0.0111
08.06.2018;7305;7251.25;7332.75;7211.5;;0.0076
07.06.2018;7249.75;7238.75;7347;7232.75;;0.0024
06.06.2018;7232.25;7123.5;7251.75;7092.25;;0.0163
05.06.2018;7116.25;6982.5;7116.75;6953;;0.0187
04.06.2018;6985.75;6917.75;6991;6893.25;;0.0117
01.06.2018;6905;6838.5;6911.75;6826.5;;0.0112
31.05.2018;6828.25;6848.5;6896;6801.75;;-0.0019
30.05.2018;6841.25;6821.25;6855.75;6727.75;;0.0019
29.05.2018;6828;6843;6938.5;6825.25;;-0.0042
25.05.2018;6857;6908.5;6941.5;6842.5;;-0.0078
24.05.2018;6910.75;6849;6912.5;6838.75;;0.011
23.05.2018;6835.75;6957;6968.75;6811.5;;-0.0181
22.05.2018;6961.5;6897;6998.5;6876.5;;0.0093
21.05.2018;6897.25;6842;6919;6829.25;;0.0107
18.05.2018;6824;6870.5;6881;6810.5;;-0.0054
17.05.2018;6861.25;6850.25;6899.5;6833.5;;0.0021
16.05.2018;6846.75;6810.5;6849.5;6783.75;;0.0052
15.05.2018;6811;6876.75;6904.5;6765.25;;-0.0105
14.05.2018;6883;6927.5;6957;6850.5;;-0.0057
11.05.2018;6922.25;6918;6946.75;6896.75;;0.0005
10.05.2018;6918.5;6818.5;6927.5;6798.75;;0.0149
09.05.2018;6816.75;6822.5;6826.5;6766.5;;0.0001
08.05.2018;6816.25;6830;6870;6720.75;;-0.0042
04.05.2018;6845;6863.25;6892;6790.5;;-0.003
03.05.2018;6865.5;6808;6925.75;6791.5;;0.0072
02.05.2018;6816.5;6773.25;6855.75;6773.25;;0.0082
01.05.2018;6760.75;6817.25;6833.5;6711.5;;-0.0088
30.04.2018;6820.75;6821.5;6851.25;6785;;0.0011
27.04.2018;6813.25;6962.25;6969;6777.5;;-0.0219
26.04.2018;6966;6979.5;7007;6890.25;;-0.0016
25.04.2018;6977;6988;7027;6948.75;;-0.0006
24.04.2018;6981.25;6923.5;7049.25;6910.5;;0.0081
23.04.2018;6925;6976.75;7040;6858;;-0.0078
20.04.2018;6979.25;6964.75;7006.75;6924.5;;0.0023
19.04.2018;6963;7036;7109.75;6935.5;;-0.0103
18.04.2018;7035.75;6878.25;7073.75;6861.25;;0.0235
17.04.2018;6874;6884.75;6910.5;6813;;-0.0012
16.04.2018;6882;6838.25;6936.25;6783;;0.0072
13.04.2018;6832.5;6805.5;6882.25;6802;;0.0016
12.04.2018;6821.5;6913.5;6933.25;6771.75;;-0.013
11.04.2018;6911.5;6962.5;6987;6896;;-0.0083
10.04.2018;6969.5;6827.5;6972.5;6816.75;;0.0169
09.04.2018;6854;6772;6854.25;6751.75;;0.0142
06.04.2018;6758;6771.75;6801;6732.5;;-0.0087
05.04.2018;6817;6738.5;6862.75;6721.5;;0.0155
04.04.2018;6712.75;6814.75;6822.5;6622.25;;-0.0144
03.04.2018;6811;6767.5;6828.25;6766.25;;0.0107
29.03.2018;6738.75;6670.75;6776.25;6661.75;;0.0106
28.03.2018;6668.25;6645.5;6689.75;6605.75;;0.0015
27.03.2018;6658.25;6640;6720.75;6625.25;;0.0054
26.03.2018;6622.5;6638;6667.25;6534.25;;-0.0036
23.03.2018;6646.75;6690.5;6711.5;6624.5;;-0.012
22.03.2018;6727.75;6839.25;6859.75;6675;;-0.0155
21.03.2018;6834;6762;6834.5;6702.25;;0.0116
20.03.2018;6755.75;6844;6865.5;6732.25;;-0.0111
19.03.2018;6831.5;6861.25;6878.75;6785.25;;-0.0082
16.03.2018;6888.25;6907;6974.25;6852.75;;-0.0048
15.03.2018;6921.5;6995;7012;6890.5;;-0.0084
14.03.2018;6980.25;6936.75;7062.5;6924.5;;0.004
13.03.2018;6952.25;6934;6958;6872.75;;0.0052
12.03.2018;6916;6986.25;6991.5;6886.75;;-0.0061
09.03.2018;6958.25;6837.75;6968.75;6778.25;;0.02
08.03.2018;6821.75;6942.75;6952;6809.5;;-0.0169
07.03.2018;6939.25;6966.5;6990.25;6906.75;;-0.0073
06.03.2018;6990.5;6938.25;7029;6925.75;;0.0093
05.03.2018;6926;6934;6943.5;6856;;0.0017
02.03.2018;6914;6927.75;6959.25;6881.5;;0.004
01.03.2018;6886.25;6926.75;6964;6859.5;;-0.0068
28.02.2018;6933.5;7014.75;7037.5;6924.5;;-0.0133
27.02.2018;7026.75;7130.5;7142.5;6989.25;;-0.0122
26.02.2018;7113.25;7122;7178.25;7092.5;;0.0003
23.02.2018;7111.25;7155;7165.25;7084.75;;-0.0085
22.02.2018;7172;7070.25;7191.75;7005;;0.0056
21.02.2018;7132.25;7081.25;7143.5;7034.5;;0.0077
20.02.2018;7077.5;7122.25;7123.25;7060.75;;-0.0079
19.02.2018;7134;7190.75;7203.5;7088.25;;-0.0072
16.02.2018;7185.5;7194;7253;7182.5;;-0.0007
15.02.2018;7190.75;7161.75;7200.25;7126.5;;0.0037
14.02.2018;7164;7010.25;7176;6965.75;;0.0214
13.02.2018;7013.75;6844.25;7024.5;6842.5;;0.0218
12.02.2018;6864.25;6806.75;6888.5;6806.75;;0.0171
09.02.2018;6749;6832.5;6858.25;6733;;-0.0163
08.02.2018;6860.75;6902.5;6940.5;6808.75;;-0.002
07.02.2018;6874.5;7126.5;7160.75;6865.5;;-0.0293
06.02.2018;7081.75;7086.25;7139.5;7026.75;;-0.0064
05.02.2018;7127.25;7057;7219.75;7051.25;;0.0071
02.02.2018;7076.75;7129.5;7188.75;7029.5;;-0.0054
01.02.2018;7115.5;7116.5;7140;7064;;0.002
31.01.2018;7101.25;7079;7163.75;7047.75;;0.0028
30.01.2018;7081.75;7093.75;7121.25;6993.75;;-0.0009
29.01.2018;7088.25;7104;7168.75;7072;;-0.0006
26.01.2018;7092.25;7098;7149.5;7062.5;;-0.0032
25.01.2018;7115;7151.5;7207.75;7110.75;;-0.0038
24.01.2018;7142.25;6923.75;7173.5;6923.75;;0.0347
23.01.2018;6902.75;7092;7099.25;6885.5;;-0.0247
22.01.2018;7077.5;7055.75;7116.25;7052;;0.0045
19.01.2018;7045.5;7097.25;7145.75;7041.5;;-0.0044
18.01.2018;7076.5;7041.75;7105;7037.25;;0.0027
17.01.2018;7057.5;7105.25;7115.25;7028;;-0.0077
16.01.2018;7112.25;7208;7221.75;7035.5;;-0.0128
15.01.2018;7204.25;7142.5;7261.5;7142.25;;0.0129
12.01.2018;7112.75;7136.75;7169.25;7101.25;;-0.0024
11.01.2018;7130;7155.75;7184.5;7084.25;;-0.0023
10.01.2018;7146.5;7104.5;7223.25;7097.25;;0.0056
09.01.2018;7106.75;7130;7183.75;7086.5;;-0.0026
08.01.2018;7125.25;7139.5;7157;7106;;0.0009
05.01.2018;7118.75;7205.5;7217.5;7108.75;;-0.0089
04.01.2018;7182.75;7165.25;7265.5;7149.75;;0.0008
03.01.2018;7176.75;7209;7213.5;7133.25;;-0.0057
02.01.2018;7218;7255.75;7279.75;7197.5;;-0.0047
29.12.2017;7251.75;7281;7292;7185.25;;-0.0039
28.12.2017;7280.5;7223.5;7312.25;7196.5;;0.0088
27.12.2017;7217.25;7201;7258.25;7150.5;;0.0115
22.12.2017;7135.5;7066.5;7138.5;7034.25;;0.0071
21.12.2017;7085.25;7044.5;7087.5;7006.25;;0.0054
20.12.2017;7047.5;6923.5;7069.5;6914.75;;0.0158
19.12.2017;6938;6908.25;6951.5;6861.75;;0.0006
18.12.2017;6933.5;6897.5;6934.5;6861.75;;0.0045
15.12.2017;6902.25;6781.5;6912.75;6763;;0.0175
14.12.2017;6783.25;6748.25;6801.25;6694.75;;0.0062
13.12.2017;6741.5;6666.5;6748.25;6654.5;;0.0097
12.12.2017;6676.5;6655.5;6687;6630.25;;0.0033
11.12.2017;6654.75;6579.5;6672.25;6554.75;;0.0117
08.12.2017;6578;6566.5;6616.5;6546;;0.003
07.12.2017;6558;6556.5;6618.25;6526.75;;0.001
06.12.2017;6551.75;6550.75;6603.75;6524.5;;0.0036
05.12.2017;6528;6817.25;6831.25;6507.5;;-0.0412
04.12.2017;6808.25;6834.25;6862.75;6797.25;;-0.0011
01.12.2017;6815.5;6770.75;6875.5;6750.75;;0.0072
30.11.2017;6766.75;6767.75;6807;6721;;0.0024
29.11.2017;6750.75;6814.5;6845.5;6737.5;;-0.0083
28.11.2017;6807.25;6931.5;6941;6797.5;;-0.0175
27.11.2017;6928.25;7006.25;7023.25;6908;;-0.0129
24.11.2017;7018.5;6961.75;7021.5;6960.75;;0.0067
23.11.2017;6971.5;6939.5;6982.5;6911.25;;0.0049
22.11.2017;6937.75;6924.75;6956.5;6900.25;;0.0025
21.11.2017;6920.25;6829.75;6927.75;6815;;0.012
20.11.2017;6838.5;6788.75;6844.75;6753.25;;0.0059
17.11.2017;6798.5;6765.25;6802.75;6716;;0.0067
16.11.2017;6753;6765.25;6809.25;6723.25;;0.0003
15.11.2017;6751.25;6770;6778;6713.5;;-0.003
14.11.2017;6771.5;6905.5;6915.5;6752.25;;-0.0183
13.11.2017;6897.75;6809.25;6931.5;6783.25;;0.0152
10.11.2017;6794.75;6832;6869.25;6780.75;;-0.0049
09.11.2017;6828;6848.5;6864.75;6762.5;;-0.0033
08.11.2017;6850.5;6840.25;6876;6780.5;;0.0036
07.11.2017;6826;6984;6990.75;6812.75;;-0.0209
06.11.2017;6971.5;6901.75;6994.25;6889.25;;0.0131
03.11.2017;6881.25;6955.75;6963.5;6857.75;;-0.0071
02.11.2017;6930.25;6954.5;6996.25;6873;;0.0001
01.11.2017;6929.25;6886.75;7014.75;6886.75;;0.0101
31.10.2017;6860.25;6861.75;6920.75;6821.25;;-0.0002
30.10.2017;6861.5;6837;6874;6812.75;;0.0026
27.10.2017;6843.75;6992;6994.25;6783.25;;-0.0222
26.10.2017;6999.25;7011.5;7044.5;6958;;-0.0016
25.10.2017;7010.75;7040.5;7051.75;6926.5;;-0.0046
24.10.2017;7043.5;7019.25;7120.25;7007.5;;0.0045
23.10.2017;7012;6972.25;7022.5;6939.75;;0.006
20.10.2017;6970.5;6976;7067.5;6922.5;;-0.0004
19.10.2017;6973.25;6989.25;7010.75;6909.75;;-0.0025
18.10.2017;6990.75;7054;7079.25;6983.25;;-0.0068
17.10.2017;7038.5;7127;7137.25;7019.25;;-0.013
16.10.2017;7131.5;6895.25;7176.25;6855.25;;0.0351
13.10.2017;6890;6877.25;6917.5;6853.5;;0.0022
12.10.2017;6875;6815;6903.5;6788.75;;0.0092
11.10.2017;6812.5;6747;6821.5;6722.25;;0.0091
10.10.2017;6751.25;6668.5;6760.25;6668.5;;0.012
09.10.2017;6671.25;6651.5;6684.5;6630.75;;0.0023
06.10.2017;6656;6692;6723.5;6643;;-0.0057
05.10.2017;6694.25;6508.75;6708.25;6505.5;;0.0281
04.10.2017;6511.25;6506.5;6537;6486;;-0.0002
03.10.2017;6512.5;6486;6536;6439.25;;0.0028
02.10.2017;6494.5;6543.5;6544.5;6463.25;;-0.0015
29.09.2017;6504.25;6554.25;6581.25;6482.5;;-0.0071
28.09.2017;6550.5;6448;6574.5;6395.25;;0.0163
27.09.2017;6445.5;6416.25;6491;6414.25;;0.0021
26.09.2017;6431.75;6478;6526.25;6402;;-0.0052
25.09.2017;6465.25;6485;6510.25;6436.25;;-0.0016
22.09.2017;6475.5;6443.5;6480.5;6366.5;;0.0031
21.09.2017;6455.5;6516.5;6516.75;6426.5;;-0.0121
20.09.2017;6534.75;6539.5;6582;6507;;0.0006
19.09.2017;6530.75;6543.5;6562.5;6506.75;;0.0002
18.09.2017;6529.5;6508;6583.25;6503.25;;0.0058
15.09.2017;6491.75;6507.75;6540.75;6453.75;;-0.0019
14.09.2017;6504.25;6553.5;6567.75;6453;;-0.0076
13.09.2017;6554.25;6677.75;6692.75;6529.75;;-0.0179
12.09.2017;6674;6754.25;6754.75;6636;;-0.0108
11.09.2017;6747;6686.25;6773.75;6671.75;;0.0101
08.09.2017;6679.5;6919.25;6948.5;6668.75;;-0.0338
07.09.2017;6913.5;6924.75;6928.75;6836.25;;-0.0013
06.09.2017;6922.25;6872;6926.5;6864.25;;0.0088
05.09.2017;6861.75;6916.75;6968.5;6835.25;;-0.0087
04.09.2017;6922;6866;6923;6851.5;;0.011
01.09.2017;6846.75;6816;6846.75;6779.25;;0.005
31.08.2017;6812.5;6771.5;6871.5;6771.5;;0.0053
30.08.2017;6776.25;6796.75;6833.75;6762.5;;-0.004
29.08.2017;6803.75;6752.5;6842.5;6750.25;;0.0153
25.08.2017;6701.25;6701.25;6745.5;6662.75;;0.0001
24.08.2017;6700.75;6586.25;6730.25;6576.5;;0.0179
23.08.2017;6583;6593;6596.75;6536.25;;-0.0006
22.08.2017;6587;6579.5;6648;6547.25;;0.0021
21.08.2017;6573.5;6476;6623.5;6473.75;;0.0142
18.08.2017;6481.25;6442.5;6535.5;6440.25;;0.001
17.08.2017;6474.5;6537.75;6579.25;6469.25;;-0.0083
16.08.2017;6529;6361.25;6575.5;6355.75;;0.026
15.08.2017;6363.5;6402.75;6430.75;6355.5;;-0.0065
14.08.2017;6405;6426.75;6445.75;6376.5;;-0.0033
11.08.2017;6426.5;6394;6430.25;6337.75;;0.0039
10.08.2017;6401.5;6459.25;6479.25;6385;;-0.0082
09.08.2017;6454.25;6484.5;6513.75;6432.75;;-0.0039
08.08.2017;6479.75;6422.75;6492.5;6379.25;;0.0098
07.08.2017;6416.75;6369;6443;6337.25;;0.0089
04.08.2017;6360;6346;6385.25;6318;;0.0024
03.08.2017;6344.75;6347;6375.5;6304.25;;-0.0013
02.08.2017;6352.75;6338.25;6364.25;6309;;0.0009
01.08.2017;6347.25;6373.25;6392;6313.25;;-0.0044
31.07.2017;6375;6344.5;6428.5;6339.5;;0.0049
28.07.2017;6343.75;6319.5;6348.25;6258.5;;0.0035
27.07.2017;6321.75;6314.5;6377.5;6302.75;;0.0028
26.07.2017;6304.25;6256.5;6398.5;6235.5;;0.0065
25.07.2017;6263.75;6034;6275.25;6025;;0.0385
24.07.2017;6031.5;5990.25;6033.5;5985.75;;0.0058
21.07.2017;5996.75;5978.5;6051;5971.5;;0.0035
20.07.2017;5976;5963;5993;5946.5;;0.0017
19.07.2017;5966;6003.25;6019.25;5964;;-0.0065
18.07.2017;6004.75;5996.25;6014.5;5968;;0.0002
17.07.2017;6003.25;5927;6021.5;5911.25;;0.013
14.07.2017;5926.25;5871.5;5931.75;5864.25;;0.0103
13.07.2017;5866;5904;5929.5;5859.75;;-0.0065
12.07.2017;5904.25;5887;5932.5;5883.25;;0.0043
11.07.2017;5879.25;5830.75;5889.75;5817;;0.008
10.07.2017;5832.5;5839.25;5853;5792.5;;0.0005
07.07.2017;5829.5;5842.25;5868.75;5812;;-0.0033
06.07.2017;5848.75;5846.75;5871.5;5831.75;;0.0003
05.07.2017;5847.25;5892.25;5908.5;5816;;-0.007
04.07.2017;5888.25;5912;5912.75;5865.75;;-0.0044
03.07.2017;5914;5946.25;5957.5;5898.5;;-0.007
30.06.2017;5955.5;5924.5;5964;5894.5;;0.0054
29.06.2017;5923.75;5880.5;5963;5876.5;;0.0077
28.06.2017;5878.75;5849.5;5883.5;5825;;0.0053
27.06.2017;5847.75;5798.5;5867.25;5779.25;;0.0085
26.06.2017;5798.75;5777;5843;5776.5;;0.0004
23.06.2017;5796.25;5737.75;5851.25;5723.5;;0.0097
22.06.2017;5740.5;5742.25;5774.5;5691;;0.0024
21.06.2017;5727;5660.5;5762;5630.25;;0.0105
20.06.2017;5667.5;5728;5734.5;5642.25;;-0.01
19.06.2017;5725;5674.25;5741.75;5658;;0.0094
16.06.2017;5671.75;5667.5;5700.25;5649.75;;-0.0007
15.06.2017;5675.5;5644.75;5707.5;5643;;0.0018
14.06.2017;5665.25;5715.75;5744.5;5655.75;;-0.011
13.06.2017;5728.25;5763.25;5782.25;5689.5;;-0.0055
12.06.2017;5759.75;5815.5;5825;5750.75;;-0.0123
09.06.2017;5831.75;5745.5;5832.5;5719.5;;0.0151
08.06.2017;5745.25;5623.5;5746.25;5611.5;;0.0212
07.06.2017;5626.25;5616.25;5643.25;5588;;0.0016
06.06.2017;5617.5;5637.5;5659.5;5553.5;;-0.0052
05.06.2017;5646.75;5660.75;5674;5606.25;;-0.0068
02.06.2017;5685.5;5685.25;5690.5;5575.25;;-0.003
01.06.2017;5702.5;5691.75;5720.25;5652;;0.0014
31.05.2017;5694.25;5660;5701.5;5633.5;;0.0061
30.05.2017;5659.5;5652;5666.75;5602.25;;-0.001
26.05.2017;5665.25;5720.75;5738.5;5633;;-0.0106
25.05.2017;5726;5684.25;5766.5;5672.5;;0.0041
24.05.2017;5702.5;5710;5713;5636.25;;-0.0034
23.05.2017;5722;5713;5723.25;5666.75;;0.0006
22.05.2017;5718.5;5682.25;5719.5;5654.25;;0.0055
19.05.2017;5687.25;5587.75;5694.25;5575;;0.0191
18.05.2017;5580.75;5598.75;5598.75;5485.5;;-0.0057
17.05.2017;5613;5607.25;5639.5;5575.75;;-0.0021
16.05.2017;5624.75;5596;5624.75;5563;;0.0033
15.05.2017;5606.5;5565.5;5636;5565.25;;0.0067
12.05.2017;5569;5539.75;5571.75;5531;;0.0053
11.05.2017;5539.5;5508.25;5626.25;5492;;0.0058
10.05.2017;5507.75;5507;5539.75;5481.75;;-0.001
09.05.2017;5513.25;5498.5;5550.5;5477.25;;0.0031
08.05.2017;5496;5607.75;5608;5464.25;;-0.0156
05.05.2017;5583;5544.25;5590.25;5523.75;;0.0079
04.05.2017;5539.25;5580.75;5613.5;5495.25;;-0.0095
03.05.2017;5592.5;5790.25;5791.25;5591.5;;-0.0364
02.05.2017;5804;5799.25;5819.25;5762.5;;0.0126
28.04.2017;5732;5713.75;5749.5;5700.5;;0.0035
27.04.2017;5711.75;5720.5;5727.5;5656.5;;-0.0042
26.04.2017;5736;5704.5;5737.75;5694;;0.0038
25.04.2017;5714.5;5651.5;5721.5;5634.25;;0.0106
24.04.2017;5654.5;5678;5683.75;5612.75;;0.0027
21.04.2017;5639.25;5640.75;5685;5598.5;;0.001
20.04.2017;5633.75;5592;5657.75;5556;;0.0067
19.04.2017;5596;5596;5675.25;5529.75;;-0.0011
18.04.2017;5602.25;5733.5;5738.75;5569;;-0.0142
13.04.2017;5682.75;5623.5;5732.25;5623.25;;0.0098
12.04.2017;5627.75;5758.25;5768.5;5615.75;;-0.0242
11.04.2017;5767.5;5744.5;5792;5710.5;;0.0025
10.04.2017;5753.25;5825;5833.75;5741.5;;-0.0157
07.04.2017;5845.25;5859.75;5895.5;5754;;-0.0055
06.04.2017;5877.75;5891.25;5931.25;5848.5;;-0.008
05.04.2017;5925;5781.75;5943.75;5777;;0.025
04.04.2017;5780.75;5757;5782.5;5730.5;;0.0046
03.04.2017;5754.5;5840;5872.5;5749.25;;-0.0177
31.03.2017;5858.25;5887.5;5915.25;5811.25;;-0.0078
30.03.2017;5904.5;5900.25;5984.5;5852.5;;0.0001
29.03.2017;5903.75;5890.25;5926.5;5858.25;;0.0022
28.03.2017;5890.5;5806.75;5902.5;5769.25;;0.0156
27.03.2017;5800;5787.25;5809.75;5674;;-0.0022
24.03.2017;5812.75;5830;5838;5776.5;;-0.0071
23.03.2017;5854.25;5835.5;5854.25;5769.5;;0.0033
22.03.2017;5834.75;5767;5836.25;5716;;0.0112
21.03.2017;5770;5864.75;5866.75;5761.75;;-0.0163
20.03.2017;5865.5;5918.5;5948;5851.75;;-0.013
17.03.2017;5942.75;5902.75;5944;5863.75;;0.005
16.03.2017;5913;5894;5947.75;5890.25;;0.004
15.03.2017;5889.5;5825.5;5901.5;5814;;0.0095
14.03.2017;5834;5792.25;5842.75;5735.25;;0.0059
13.03.2017;5799.75;5753.5;5823.25;5751.5;;0.0115
10.03.2017;5733.75;5691.75;5776.5;5688;;0.007
09.03.2017;5693.75;5734.75;5743.75;5652.5;;-0.0076
08.03.2017;5737.5;5781.75;5814.25;5731.5;;-0.0071
07.03.2017;5778.5;5862;5876;5759.25;;-0.0127
06.03.2017;5852.75;5928.25;5949.75;5835.5;;-0.0149
03.03.2017;5941.5;5922;5956;5901.5;;0.0025
02.03.2017;5926.75;6018.25;6036;5908.75;;-0.0145
01.03.2017;6013.75;5982.25;6089.75;5956.5;;0.0052
28.02.2017;5982.5;5928.25;5993.75;5899.25;;0.0075
27.02.2017;5937.75;5931.75;5954.5;5878.75;;0.0031
24.02.2017;5919.25;5849.5;5955.25;5846.25;;0.0114
23.02.2017;5852.25;6031.75;6043.25;5839.25;;-0.0298
22.02.2017;6031.75;6062.5;6067;5986.25;;-0.0039
21.02.2017;6055.25;6065.75;6092.5;6031.75;;-0.0018
20.02.2017;6066.25;5988.25;6104.5;5957.5;;0.0162
17.02.2017;5969.25;5988.75;6036.25;5920.5;;-0.0037
16.02.2017;5991.25;6064.5;6097.75;5957.25;;-0.0104
15.02.2017;6054;6032.25;6074;5998.5;;0.0016
14.02.2017;6044.25;6125.5;6189;5981.75;;-0.0135
13.02.2017;6126.75;6088.5;6202.25;6087.75;;0.0065
10.02.2017;6087;5832.25;6090.25;5813.25;;0.041
09.02.2017;5847.5;5880.25;5893;5815.5;;-0.0034
08.02.2017;5867.25;5803;5924;5801.5;;0.0104
07.02.2017;5806.75;5840;5854.75;5785;;-0.0068
06.02.2017;5846.75;5770.25;5854.25;5770.25;;0.0137
03.02.2017;5767.75;5887;5903.75;5754.75;;-0.0229
02.02.2017;5902.75;5960.75;5975.5;5853.5;;-0.0074
01.02.2017;5946.75;5977.75;6005.5;5931.5;;-0.005
31.01.2017;5976.5;5852.5;5997;5837.25;;0.0221
30.01.2017;5847.25;5895.5;5911.25;5785.5;;-0.0076
27.01.2017;5892.25;5832.75;5902.5;5823.75;;0.0081
26.01.2017;5845;5955.5;5982.25;5820.5;;-0.0167
25.01.2017;5944.25;5951;5972;5887.25;;-0.0007
24.01.2017;5948.25;5809.25;5953.75;5801.75;;0.0234
23.01.2017;5812;5765.25;5861.75;5761.5;;0.0085
20.01.2017;5762.75;5742.25;5813.25;5693.75;;0.0047
19.01.2017;5736;5759.5;5794;5687.25;;-0.0036
18.01.2017;5756.75;5761;5787.75;5735.5;;-0.0032
17.01.2017;5775.25;5848;5855.25;5727.5;;-0.0115
16.01.2017;5842.25;5914.5;5921.5;5832.75;;-0.0116
13.01.2017;5910.75;5861.75;5916;5808.5;;0.0057
12.01.2017;5877.5;5722.75;5884.5;5722.75;;0.0271
11.01.2017;5722.5;5753.25;5788.75;5711.75;;-0.0038
10.01.2017;5744.5;5591.5;5778;5574;;0.0281
09.01.2017;5587.75;5605.5;5618.25;5552.75;;-0.0013
06.01.2017;5595;5591.25;5614.75;5537.5;;0.0023
05.01.2017;5582.25;5648.5;5697.25;5575.5;;-0.0091
04.01.2017;5633.75;5495.5;5643.5;5453.75;;0.0274
03.01.2017;5483.25;5549.25;5616;5481;;-0.0064
